"Title","First Name","Middle Name","Last Name","Suffix","E-mail Address","E-mail 2 Address","E-mail 3 Address","Business Street","Business Street 2","Business Street 3","Business City","Business State","Business Postal Code","Business Country","Home Street","Home Street 2","Home Street 3","Home City","Home State","Home Postal Code","Home Country","Other Street","Other Street 2","Other Street 3","Other City","Other State","Other Postal Code","Other Country","Company","Department","Job Title","Assistant's Phone","Business Fax","Business Phone","Business Phone 2","Callback","Car Phone","Company Main Phone","Home Fax","Home Phone","Home Phone 2","ISDN","Mobile Phone","Other Fax","Other Phone","Pager","Primary Phone","Radio Phone","TTY/TDD Phone","Telex","Assistant's Name","Birthday","Manager's Name","Notes","Other Address PO Box","Spouse","Web Page","Personal Web Page"
"","Hugh","","Triggerr","","hrc@trigger.com","","","","","","","","","","","","","","","","","","","","","","","","Florist","","Project Manager","","","","","","","","","","","","","","","","","","","","","","","","","","",""
"","Michael","","Harney","","m@mharney.co","","","","","","","","","","","","","","","","","","","","","","","","","","","","","","","","","","","","","","","","","","","","","","","","","","","","",""
"","Ola","","Malik","","ola@gmail.com","","","","","","","","","","","","","","","","","","","","","","","","Super Startup","","Junior Software Developer","","","","","","","","","","","","","","","","","","","","","","","","","","",""
